[
  { "code": "AU", "name_ru": "Австралия", "name_en": "Australia" },
  { "code": "AT", "name_ru": "Австрия", "name_en": "Austria" },
  { "code": "AZ", "name_ru": "Азербайджан", "name_en": "Azerbaijan" },
  { "code": "AL", "name_ru": "Албания", "name_en": "Albania" },
  { "code": "DZ", "name_ru": "Алжир", "name_en": "Algeria" },
  { "code": "AS", "name_ru": "Американское Самоа", "name_en": "American Samoa" },
  { "code": "AI", "name_ru": "Ангилья", "name_en": "Anguilla" },
  { "code": "AO", "name_ru": "Ангола", "name_en": "Angola" },
  { "code": "AD", "name_ru": "Андорра", "name_en": "Andorra" },
  { "code": "AQ", "name_ru": "Антарктида", "name_en": "Antarctica" },
  { "code": "AG", "name_ru": "Антигуа и Барбуда", "name_en": "Antigua and Barbuda" },
  { "code": "AR", "name_ru": "Аргентина", "name_en": "Argentina" },
  { "code": "AM", "name_ru": "Армения", "name_en": "Armenia" },
  { "code": "AW", "name_ru": "Аруба", "name_en": "Aruba" },
  { "code": "AF", "name_ru": "Афганистан", "name_en": "Afghanistan" },
  { "code": "BS", "name_ru": "Багамы", "name_en": "Bahamas" },
  { "code": "BD", "name_ru": "Бангладеш", "name_en": "Bangladesh" },
  { "code": "BB", "name_ru": "Барбадос", "name_en": "Barbados" },
  { "code": "BH", "name_ru": "Бахрейн", "name_en": "Bahrain" },
  { "code": "BY", "name_ru": "Беларусь", "name_en": "Belarus" },
  { "code": "BZ", "name_ru": "Белиз", "name_en": "Belize" },
  { "code": "BE", "name_ru": "Бельгия", "name_en": "Belgium" },
  { "code": "BJ", "name_ru": "Бенин", "name_en": "Benin" },
  { "code": "BM", "name_ru": "Бермуды", "name_en": "Bermuda" },
  { "code": "BG", "name_ru": "Болгария", "name_en": "Bulgaria" },
  { "code": "BO", "name_ru": "Боливия", "name_en": "Bolivia" },
  { "code": "BQ", "name_ru": "Бонэйр, Синт-Эстатиус и Саба", "name_en": "Bonaire, Sint Eustatius and Saba" },
  { "code": "BA", "name_ru": "Босния и Герцеговина", "name_en": "Bosnia and Herzegovina" },
  { "code": "BW", "name_ru": "Ботсвана", "name_en": "Botswana" },
  { "code": "BR", "name_ru": "Бразилия", "name_en": "Brazil" },
  { "code": "IO", "name_ru": "Британская территория в Индийском океане", "name_en": "British Indian Ocean Territory" },
  { "code": "BN", "name_ru": "Бруней-Даруссалам", "name_en": "Brunei Darussalam" },
  { "code": "BF", "name_ru": "Буркина-Фасо", "name_en": "Burkina Faso" },
  { "code": "BI", "name_ru": "Бурунди", "name_en": "Burundi" },
  { "code": "BT", "name_ru": "Бутан", "name_en": "Bhutan" },
  { "code": "VU", "name_ru": "Вануату", "name_en": "Vanuatu" },
  { "code": "HU", "name_ru": "Венгрия", "name_en": "Hungary" },
  { "code": "VE", "name_ru": "Венесуэла", "name_en": "Venezuela" },
  { "code": "VG", "name_ru": "Виргинские острова, Британские", "name_en": "Virgin Islands, British" },
  { "code": "VI", "name_ru": "Виргинские острова, США", "name_en": "Virgin Islands, U.S." },
  { "code": "VN", "name_ru": "Вьетнам", "name_en": "Viet Nam" },
  { "code": "GA", "name_ru": "Габон", "name_en": "Gabon" },
  { "code": "HT", "name_ru": "Гаити", "name_en": "Haiti" },
  { "code": "GY", "name_ru": "Гайана", "name_en": "Guyana" },
  { "code": "GM", "name_ru": "Гамбия", "name_en": "Gambia" },
  { "code": "GH", "name_ru": "Гана", "name_en": "Ghana" },
  { "code": "GP", "name_ru": "Гваделупа", "name_en": "Guadeloupe" },
  { "code": "GT", "name_ru": "Гватемала", "name_en": "Guatemala" },
  { "code": "GN", "name_ru": "Гвинея", "name_en": "Guinea" },
  { "code": "GW", "name_ru": "Гвинея-Бисау", "name_en": "Guinea-Bissau" },
  { "code": "DE", "name_ru": "Германия", "name_en": "Germany" },
  { "code": "GG", "name_ru": "Гернси", "name_en": "Guernsey" },
  { "code": "GI", "name_ru": "Гибралтар", "name_en": "Gibraltar" },
  { "code": "HN", "name_ru": "Гондурас", "name_en": "Honduras" },
  { "code": "HK", "name_ru": "Гонконг", "name_en": "Hong Kong" },
  { "code": "GD", "name_ru": "Гренада", "name_en": "Grenada" },
  { "code": "GL", "name_ru": "Гренландия", "name_en": "Greenland" },
  { "code": "GR", "name_ru": "Греция", "name_en": "Greece" },
  { "code": "GE", "name_ru": "Грузия", "name_en": "Georgia" },
  { "code": "GU", "name_ru": "Гуам", "name_en": "Guam" },
  { "code": "DK", "name_ru": "Дания", "name_en": "Denmark" },
  { "code": "JE", "name_ru": "Джерси", "name_en": "Jersey" },
  { "code": "DJ", "name_ru": "Джибути", "name_en": "Djibouti" },
  { "code": "DM", "name_ru": "Доминика", "name_en": "Dominica" },
  { "code": "DO", "name_ru": "Доминиканская Республика", "name_en": "Dominican Republic" },
  { "code": "EG", "name_ru": "Египет", "name_en": "Egypt" },
  { "code": "ZM", "name_ru": "Замбия", "name_en": "Zambia" },
  { "code": "EH", "name_ru": "Западная Сахара", "name_en": "Western Sahara" },
  { "code": "ZW", "name_ru": "Зимбабве", "name_en": "Zimbabwe" },
  { "code": "IL", "name_ru": "Израиль", "name_en": "Israel" },
  { "code": "IN", "name_ru": "Индия", "name_en": "India" },
  { "code": "ID", "name_ru": "Индонезия", "name_en": "Indonesia" },
  { "code": "JO", "name_ru": "Иордания", "name_en": "Jordan" },
  { "code": "IQ", "name_ru": "Ирак", "name_en": "Iraq" },
  { "code": "IR", "name_ru": "Иран", "name_en": "Iran" },
  { "code": "IE", "name_ru": "Ирландия", "name_en": "Ireland" },
  { "code": "IS", "name_ru": "Исландия", "name_en": "Iceland" },
  { "code": "ES", "name_ru": "Испания", "name_en": "Spain" },
  { "code": "IT", "name_ru": "Италия", "name_en": "Italy" },
  { "code": "YE", "name_ru": "Йемен", "name_en": "Yemen" },
  { "code": "CV", "name_ru": "Кабо-Верде", "name_en": "Cabo Verde" },
  { "code": "KZ", "name_ru": "Казахстан", "name_en": "Kazakhstan" },
  { "code": "KH", "name_ru": "Камбоджа", "name_en": "Cambodia" },
  { "code": "CM", "name_ru": "Камерун", "name_en": "Cameroon" },
  { "code": "CA", "name_ru": "Канада", "name_en": "Canada" },
  { "code": "QA", "name_ru": "Катар", "name_en": "Qatar" },
  { "code": "KE", "name_ru": "Кения", "name_en": "Kenya" },
  { "code": "CY", "name_ru": "Кипр", "name_en": "Cyprus" },
  { "code": "KG", "name_ru": "Киргизия", "name_en": "Kyrgyzstan" },
  { "code": "KI", "name_ru": "Кирибати", "name_en": "Kiribati" },
  { "code": "CN", "name_ru": "Китай", "name_en": "China" },
  { "code": "CC", "name_ru": "Кокосовые (Килинг) острова", "name_en": "Cocos (Keeling) Islands" },
  { "code": "CO", "name_ru": "Колумбия", "name_en": "Colombia" },
  { "code": "KM", "name_ru": "Коморы", "name_en": "Comoros" },
  { "code": "CG", "name_ru": "Конго", "name_en": "Congo" },
  { "code": "CD", "name_ru": "Конго, Демократическая Республика", "name_en": "Congo, Democratic Republic of the" },
  { "code": "KP", "name_ru": "Корея, Народно-Демократическая Республика", "name_en": "Korea, Democratic People's Republic of" },
  { "code": "KR", "name_ru": "Корея, Республика", "name_en": "Korea, Republic of" },
  { "code": "CR", "name_ru": "Коста-Рика", "name_en": "Costa Rica" },
  { "code": "CI", "name_ru": "Кот-д'Ивуар", "name_en": "Côte d'Ivoire" },
  { "code": "CU", "name_ru": "Куба", "name_en": "Cuba" },
  { "code": "KW", "name_ru": "Кувейт", "name_en": "Kuwait" },
  { "code": "CW", "name_ru": "Кюрасао", "name_en": "Curaçao" },
  { "code": "LA", "name_ru": "Лаос", "name_en": "Lao People's Democratic Republic" },
  { "code": "LV", "name_ru": "Латвия", "name_en": "Latvia" },
  { "code": "LS", "name_ru": "Лесото", "name_en": "Lesotho" },
  { "code": "LR", "name_ru": "Либерия", "name_en": "Liberia" },
  { "code": "LB", "name_ru": "Ливан", "name_en": "Lebanon" },
  { "code": "LY", "name_ru": "Ливия", "name_en": "Libya" },
  { "code": "LT", "name_ru": "Литва", "name_en": "Lithuania" },
  { "code": "LI", "name_ru": "Лихтенштейн", "name_en": "Liechtenstein" },
  { "code": "LU", "name_ru": "Люксембург", "name_en": "Luxembourg" },
  { "code": "MU", "name_ru": "Маврикий", "name_en": "Mauritius" },
  { "code": "MR", "name_ru": "Мавритания", "name_en": "Mauritania" },
  { "code": "MG", "name_ru": "Мадагаскар", "name_en": "Madagascar" },
  { "code": "YT", "name_ru": "Майотта", "name_en": "Mayotte" },
  { "code": "MO", "name_ru": "Макао", "name_en": "Macao" },
  { "code": "MW", "name_ru": "Малави", "name_en": "Malawi" },
  { "code": "MY", "name_ru": "Малайзия", "name_en": "Malaysia" },
  { "code": "ML", "name_ru": "Мали", "name_en": "Mali" },
  { "code": "UM", "name_ru": "Малые Тихоокеанские отдаленные острова США", "name_en": "United States Minor Outlying Islands" },
  { "code": "MV", "name_ru": "Мальдивы", "name_en": "Maldives" },
  { "code": "MT", "name_ru": "Мальта", "name_en": "Malta" },
  { "code": "MA", "name_ru": "Марокко", "name_en": "Morocco" },
  { "code": "MQ", "name_ru": "Мартиника", "name_en": "Martinique" },
  { "code": "MH", "name_ru": "Маршалловы Острова", "name_en": "Marshall Islands" },
  { "code": "MX", "name_ru": "Мексика", "name_en": "Mexico" },
  { "code": "FM", "name_ru": "Микронезия, Федеративные Штаты", "name_en": "Micronesia, Federated States of" },
  { "code": "MZ", "name_ru": "Мозамбик", "name_en": "Mozambique" },
  { "code": "MD", "name_ru": "Молдова", "name_en": "Moldova" },
  { "code": "MC", "name_ru": "Монако", "name_en": "Monaco" },
  { "code": "MN", "name_ru": "Монголия", "name_en": "Mongolia" },
  { "code": "MS", "name_ru": "Монтсеррат", "name_en": "Montserrat" },
  { "code": "MM", "name_ru": "Мьянма", "name_en": "Myanmar" },
  { "code": "NA", "name_ru": "Намибия", "name_en": "Namibia" },
  { "code": "NR", "name_ru": "Науру", "name_en": "Nauru" },
  { "code": "NP", "name_ru": "Непал", "name_en": "Nepal" },
  { "code": "NE", "name_ru": "Нигер", "name_en": "Niger" },
  { "code": "NG", "name_ru": "Нигерия", "name_en": "Nigeria" },
  { "code": "NL", "name_ru": "Нидерланды", "name_en": "Netherlands" },
  { "code": "NI", "name_ru": "Никарагуа", "name_en": "Nicaragua" },
  { "code": "NU", "name_ru": "Ниуэ", "name_en": "Niue" },
  { "code": "NZ", "name_ru": "Новая Зеландия", "name_en": "New Zealand" },
  { "code": "NC", "name_ru": "Новая Каледония", "name_en": "New Caledonia" },
  { "code": "NO", "name_ru": "Норвегия", "name_en": "Norway" },
  { "code": "AE", "name_ru": "Объединенные Арабские Эмираты", "name_en": "United Arab Emirates" },
  { "code": "OM", "name_ru": "Оман", "name_en": "Oman" },
  { "code": "BV", "name_ru": "Остров Буве", "name_en": "Bouvet Island" },
  { "code": "IM", "name_ru": "Остров Мэн", "name_en": "Isle of Man" },
  { "code": "NF", "name_ru": "Остров Норфолк", "name_en": "Norfolk Island" },
  { "code": "CX", "name_ru": "Остров Рождества", "name_en": "Christmas Island" },
  { "code": "HM", "name_ru": "Остров Херд и острова Макдональд", "name_en": "Heard Island and McDonald Islands" },
  { "code": "KY", "name_ru": "Острова Кайман", "name_en": "Cayman Islands" },
  { "code": "CK", "name_ru": "Острова Кука", "name_en": "Cook Islands" },
  { "code": "TC", "name_ru": "Острова Теркс и Кайкос", "name_en": "Turks and Caicos Islands" },
  { "code": "PK", "name_ru": "Пакистан", "name_en": "Pakistan" },
  { "code": "PW", "name_ru": "Палау", "name_en": "Palau" },
  { "code": "PS", "name_ru": "Палестина", "name_en": "Palestine, State of" },
  { "code": "PA", "name_ru": "Панама", "name_en": "Panama" },
  { "code": "VA", "name_ru": "Папский Престол (Государство-город Ватикан)", "name_en": "Holy See (Vatican City State)" },
  { "code": "PG", "name_ru": "Папуа - Новая Гвинея", "name_en": "Papua New Guinea" },
  { "code": "PY", "name_ru": "Парагвай", "name_en": "Paraguay" },
  { "code": "PE", "name_ru": "Перу", "name_en": "Peru" },
  { "code": "PN", "name_ru": "Питкэрн", "name_en": "Pitcairn" },
  { "code": "PL", "name_ru": "Польша", "name_en": "Poland" },
  { "code": "PT", "name_ru": "Португалия", "name_en": "Portugal" },
  { "code": "PR", "name_ru": "Пуэрто-Рико", "name_en": "Puerto Rico" },
  { "code": "MK", "name_ru": "Республика Македония", "name_en": "North Macedonia" },
  { "code": "RE", "name_ru": "Реюньон", "name_en": "Réunion" },
  { "code": "RU", "name_ru": "Россия", "name_en": "Russian Federation" },
  { "code": "RW", "name_ru": "Руанда", "name_en": "Rwanda" },
  { "code": "RO", "name_ru": "Румыния", "name_en": "Romania" },
  { "code": "SV", "name_ru": "Сальвадор", "name_en": "El Salvador" },
  { "code": "WS", "name_ru": "Самоа", "name_en": "Samoa" },
  { "code": "SM", "name_ru": "Сан-Марино", "name_en": "San Marino" },
  { "code": "ST", "name_ru": "Сан-Томе и Принсипи", "name_en": "Sao Tome and Principe" },
  { "code": "SA", "name_ru": "Саудовская Аравия", "name_en": "Saudi Arabia" },
  { "code": "SZ", "name_ru": "Эсватини", "name_en": "Eswatini" },
  { "code": "SH", "name_ru": "Святая Елена, Остров вознесения, Тристан-да-Кунья", "name_en": "Saint Helena, Ascension and Tristan da Cunha" },
  { "code": "MP", "name_ru": "Северные Марианские Острова", "name_en": "Northern Mariana Islands" },
  { "code": "SC", "name_ru": "Сейшелы", "name_en": "Seychelles" },
  { "code": "BL", "name_ru": "Сен-Бартелеми", "name_en": "Saint Barthélemy" },
  { "code": "MF", "name_ru": "Сен-Мартен (французская часть)", "name_en": "Saint Martin (French part)" },
  { "code": "PM", "name_ru": "Сен-Пьер и Микелон", "name_en": "Saint Pierre and Miquelon" },
  { "code": "SN", "name_ru": "Сенегал", "name_en": "Senegal" },
  { "code": "VC", "name_ru": "Сент-Винсент и Гренадины", "name_en": "Saint Vincent and the Grenadines" },
  { "code": "KN", "name_ru": "Сент-Китс и Невис", "name_en": "Saint Kitts and Nevis" },
  { "code": "LC", "name_ru": "Сент-Люсия", "name_en": "Saint Lucia" },
  { "code": "RS", "name_ru": "Сербия", "name_en": "Serbia" },
  { "code": "SG", "name_ru": "Сингапур", "name_en": "Singapore" },
  { "code": "SX", "name_ru": "Синт-Мартен (голландская часть)", "name_en": "Sint Maarten (Dutch part)" },
  { "code": "SY", "name_ru": "Сирийская Арабская Республика", "name_en": "Syrian Arab Republic" },
  { "code": "SK", "name_ru": "Словакия", "name_en": "Slovakia" },
  { "code": "SI", "name_ru": "Словения", "name_en": "Slovenia" },
  { "code": "GB", "name_ru": "Великобритания", "name_en": "United Kingdom" },
  { "code": "US", "name_ru": "США", "name_en": "United States of America" },
  { "code": "SB", "name_ru": "Соломоновы Острова", "name_en": "Solomon Islands" },
  { "code": "SO", "name_ru": "Сомали", "name_en": "Somalia" },
  { "code": "SD", "name_ru": "Судан", "name_en": "Sudan" },
  { "code": "SR", "name_ru": "Суринам", "name_en": "Suriname" },
  { "code": "SL", "name_ru": "Сьерра-Леоне", "name_en": "Sierra Leone" },
  { "code": "TJ", "name_ru": "Таджикистан", "name_en": "Tajikistan" },
  { "code": "TH", "name_ru": "Таиланд", "name_en": "Thailand" },
  { "code": "TW", "name_ru": "Тайвань", "name_en": "Taiwan" },
  { "code": "TZ", "name_ru": "Танзания, Объединенная Республика", "name_en": "Tanzania, United Republic of" },
  { "code": "TG", "name_ru": "Того", "name_en": "Togo" },
  { "code": "TK", "name_ru": "Токелау", "name_en": "Tokelau" },
  { "code": "TO", "name_ru": "Тонга", "name_en": "Tonga" },
  { "code": "TT", "name_ru": "Тринидад и Тобаго", "name_en": "Trinidad and Tobago" },
  { "code": "TV", "name_ru": "Тувалу", "name_en": "Tuvalu" },
  { "code": "TN", "name_ru": "Тунис", "name_en": "Tunisia" },
  { "code": "TM", "name_ru": "Туркменистан", "name_en": "Turkmenistan" },
  { "code": "TR", "name_ru": "Турция", "name_en": "Turkey" },
  { "code": "UG", "name_ru": "Уганда", "name_en": "Uganda" },
  { "code": "UZ", "name_ru": "Узбекистан", "name_en": "Uzbekistan" },
  { "code": "UA", "name_ru": "Украина", "name_en": "Ukraine" },
  { "code": "WF", "name_ru": "Уоллис и Футуна", "name_en": "Wallis and Futuna" },
  { "code": "UY", "name_ru": "Уругвай", "name_en": "Uruguay" },
  { "code": "FO", "name_ru": "Фарерские острова", "name_en": "Faroe Islands" },
  { "code": "FJ", "name_ru": "Фиджи", "name_en": "Fiji" },
  { "code": "PH", "name_ru": "Филиппины", "name_en": "Philippines" },
  { "code": "FI", "name_ru": "Финляндия", "name_en": "Finland" },
  { "code": "FK", "name_ru": "Фолклендские (Мальвинские) острова", "name_en": "Falkland Islands (Malvinas)" },
  { "code": "FR", "name_ru": "Франция", "name_en": "France" },
  { "code": "GF", "name_ru": "Французская Гвиана", "name_en": "French Guiana" },
  { "code": "PF", "name_ru": "Французская Полинезия", "name_en": "French Polynesia" },
  { "code": "TF", "name_ru": "Французские Южные территории", "name_en": "French Southern Territories" },
  { "code": "HR", "name_ru": "Хорватия", "name_en": "Croatia" },
  { "code": "CF", "name_ru": "Центрально-Африканская Республика", "name_en": "Central African Republic" },
  { "code": "TD", "name_ru": "Чад", "name_en": "Chad" },
  { "code": "ME", "name_ru": "Черногория", "name_en": "Montenegro" },
  { "code": "CZ", "name_ru": "Чехия", "name_en": "Czechia" },
  { "code": "CL", "name_ru": "Чили", "name_en": "Chile" },
  { "code": "CH", "name_ru": "Швейцария", "name_en": "Switzerland" },
  { "code": "SE", "name_ru": "Швеция", "name_en": "Sweden" },
  { "code": "SJ", "name_ru": "Шпицберген и Ян-Майен", "name_en": "Svalbard and Jan Mayen" },
  { "code": "LK", "name_ru": "Шри-Ланка", "name_en": "Sri Lanka" },
  { "code": "EC", "name_ru": "Эквадор", "name_en": "Ecuador" },
  { "code": "GQ", "name_ru": "Экваториальная Гвинея", "name_en": "Equatorial Guinea" },
  { "code": "ER", "name_ru": "Эритрея", "name_en": "Eritrea" },
  { "code": "EE", "name_ru": "Эстония", "name_en": "Estonia" },
  { "code": "ET", "name_ru": "Эфиопия", "name_en": "Ethiopia" },
  { "code": "ZA", "name_ru": "Южная Африка", "name_en": "South Africa" },
  { "code": "GS", "name_ru": "Южная Джорджия и Южные Сандвичевы острова", "name_en": "South Georgia and the South Sandwich Islands" },
  { "code": "SS", "name_ru": "Южный Судан", "name_en": "South Sudan" },
  { "code": "JM", "name_ru": "Ямайка", "name_en": "Jamaica" },
  { "code": "JP", "name_ru": "Япония", "name_en": "Japan" }
]